name,latitude,longitude,city,region,cuisine,Price Range,Restauarant Website,michelin_stars
Kilian Stuba,47.34858,10.17114,Kleinwalsertal,Austria,Creative,110 - 140 EUR,https://www.travelcharme.com/,1
Pfefferschiff,47.83787,13.07917,Hallwang,Austria,Classic cuisine,65 - 189 EUR,https://www.pfefferschiff.at/,1
Esszimmer,47.80685,13.034089999999999,Salzburg,Austria,Creative,45 - 128 EUR,https://www.esszimmer.com/,1
Carpe Diem,47.80001,13.04006,Salzburg,Austria,Market cuisine,,,1
Edvard,48.216503,16.36852,Wien,Austria,Modern cuisine,60 - 158 EUR,https://www.kempinski.com/vienna,1
Das Loft,48.212720000000004,16.37931,Wien,Austria,Modern cuisine,,,1
Pramerl & the Wolf,48.20945,16.37174,Wien,Austria,Creative,110 - 130 EUR,https://www.pramerlandthewolf.com/,1
Walter Bauer,48.20923,16.376720000000002,Wien,Austria,Classic cuisine,52 - 79 EUR,,1
SHIKI,48.204066999999995,16.37098,Wien,Austria,Japanese,115 - 145 EUR,https://www.shiki.at/,1
Tian,48.20513,16.37456,Wien,Austria,Vegetarian,49 - 123 EUR,https://www.tian-restaurant.com/,1
aend,48.18957,16.34115,Wien,Austria,Modern cuisine,,,1
Le Ciel by Toni Mörwald,48.202090000000005,16.371560000000002,Wien,Austria,Classic cuisine,,,1
Chez TJ,37.39468,-122.08044,South San Francisco,California,Contemporary,,,1
Protégé,37.427853000000006,-122.14362,South San Francisco,California,Contemporary,65 - 210 USD,https://www.protegepaloalto.com/,1
Madera,37.42014,-122.21151,San Francisco,California,Contemporary,50 - 150 USD,https://www.maderasandhill.com/,1
The Village Pub,37.42897,-122.25178000000001,San Francisco,California,Contemporary,45 - 85 USD,https://www.thevillagepub.net/,1
Plumed Horse,37.256479999999996,-122.03537,South San Francisco,California,Contemporary,70 - 195 USD,https://www.plumedhorse.com/,1
Wakuriya,37.52114,-122.3366,San Francisco,California,Japanese,148 USD,https://www.wakuriya.com/,1
Sushi Yoshizumi,37.565075,-122.3211,San Francisco,California,Japanese,,,1
Rasa,37.577521999999995,-122.34598500000001,San Francisco,California,Indian,47 - 88 USD,https://www.rasaindian.com/,1
Maum,37.726690000000005,-122.41421499999998,South San Francisco,California,Korean,,,1
Al's Place,37.748924,-122.42013,San Francisco,California,Californian,58 - 88 USD,https://www.alsplacesf.com/,1
Aster,37.755054,-122.423134,San Francisco,California,Californian,,,1
Omakase,37.77077,-122.40298,San Francisco,California,Japanese,75 - 150 USD,https://www.omakasesf.com/,1
Commonwealth,37.761395,-122.41946000000002,San Francisco,California,Contemporary,,,1
Luce,37.781940000000006,-122.40498000000001,San Francisco,California,Contemporary,,,1
Birdsong,37.779495000000004,-122.41048,San Francisco,California,American,,,1
In Situ,37.785633000000004,-122.40113000000001,San Francisco,California,International,,,1
Mourad,37.78695,-122.39986999999999,San Francisco,California,Moroccan,43 - 155 USD,https://www.mouradsf.com/,1
Hashiri,37.783062,-122.40754,San Francisco,California,Japanese,,,1
Angler,37.793167,-122.39213000000001,San Francisco,California,Contemporary,38 - 100 GBP,https://www.anglerrestaurant.com/,1
Rich Table,37.774914,-122.42271000000001,San Francisco,California,Contemporary,,,1
Kin Khao,37.785267,-122.40951000000001,San Francisco,California,Thai,25 - 70 USD,https://www.kinkhao.com/,1
Michael Mina,37.793490000000006,-122.399574,San Francisco,California,Contemporary,,,1
Sons & Daughters,37.79037,-122.40916999999999,San Francisco,California,Contemporary,225 USD,https://www.sonsanddaughterssf.com/,1
Mister Jiu's,37.79371,-122.406654,San Francisco,California,Chinese,,,1
Nico,37.795803,-122.40333000000001,San Francisco,California,Contemporary,,,1
jū-ni,37.776720000000005,-122.43886,San Francisco,California,Japanese,165 USD,https://www.junisf.com/,1
Keiko à Nob Hill,37.793106,-122.41445,San Francisco,California,Fusion,,,1
The Progress,37.78371,-122.43281999999999,San Francisco,California,Californian,41 - 78 USD,https://www.theprogress-sf.com/,1
State Bird Provisions,37.783737,-122.43283000000001,San Francisco,California,American,25 - 90 USD,https://www.statebirdsf.com/,1
Octavia,37.787857,-122.42708999999999,San Francisco,California,Californian,,,1
SPQR,37.78732,-122.43375,San Francisco,California,Italian,39 - 120 USD,https://www.spqrsf.com/,1
Lord Stanley,37.79592,-122.42208000000001,San Francisco,California,Californian,,,1
Kinjo,37.79699,-122.422005,San Francisco,California,Japanese,,,1
Sorrel,37.788334000000006,-122.44613999999999,San Francisco,California,Californian,110 - 148 USD,https://www.sorrelrestaurant.com/,1
Gary Danko,37.80599,-122.42066000000001,San Francisco,California,Contemporary,89 - 139 USD,https://www.garydanko.com/,1
Bar Crenn,37.798435,-122.43581,San Francisco,California,French,85 - 165 USD,https://www.barcrenn.com/,1
Spruce,37.78772,-122.45263999999999,San Francisco,California,Californian,50 - 75 USD,https://www.sprucesf.com/,1
Wako,37.783035,-122.461525,San Francisco,California,Japanese,95 - 135 USD,https://www.sushiwakosf.com/,1
Madcap,37.974712,-122.56168000000001,San Francisco,California,Contemporary,110 USD,https://www.madcapmarin.com/,1
Aubergine,36.55406,-121.924355,Monterey,California,Contemporary,205 USD,https://www.auberginecarmel.com/,1
Kenzo,38.299240000000005,-122.28928,San Francisco,California,Japanese,185 - 210 USD,https://www.kenzonapa.com/,1
La Toque,38.303509999999996,-122.28348999999999,San Francisco,California,Contemporary,,,1
Bouchon,38.40258,-122.3619,San Francisco,California,French,,,1
Auberge du Soleil,38.49199,-122.40534,San Francisco,California,Californian,,,1
Farmhouse Inn & Restaurant,38.490390000000005,-122.8835,San Francisco,California,Californian,,,1
The Kitchen,38.58894,-121.41423999999999,Sacramento,California,Contemporary,155 USD,https://www.thekitchenrestaurant.com/,1
Madrona Manor,38.604279999999996,-122.88646999999999,San Francisco,California,Contemporary,,,1
Harbor House,39.135876,-123.719444,San Francisco,California,Californian,,,1
Shin Sushi,34.15784,-118.49415,Los Angeles,California,Japanese,100 - 120 USD,,1
Rustic Canyon,34.024952,-118.49118,Los Angeles,California,Californian,62 - 97 USD,www.rusticcanyonrestaurant.com,1
Dialogue,34.01679,-118.49748000000001,Los Angeles,California,Contemporary,,,1
Kato,34.041683,-118.46091499999999,Los Angeles,California,Asian,50 - 75 USD,https://www.katorestaurant.com/,1
CUT,34.067036,-118.40102399999999,Los Angeles,California,Steakhouse,,,1
Nozawa Bar,34.0683,-118.39849,Los Angeles,California,Japanese,195 USD,https://www.nozawabar.com/,1
Shunji,34.028496000000004,-118.45195,Los Angeles,California,Japanese,,,1
Maude,34.064346,-118.39903999999999,Los Angeles,California,Contemporary,,,1
Mori Sushi,34.033398,-118.44228999999999,Los Angeles,California,Japanese,75 - 150 USD,https://www.morisushila.com/,1
Trois Mec,34.084255,-118.33851000000001,Los Angeles,California,Contemporary,,,1
Osteria Mozza,34.083420000000004,-118.338974,Los Angeles,California,Italian,50 - 75 USD,https://www.osteriamozza.com/,1
Kali,34.083443,-118.32455,Los Angeles,California,Californian,50 - 75 USD,https://www.kalirestaurant.com/,1
Le Comptoir,34.06354,-118.30057,Los Angeles,California,Californian,120 USD,https://www.lecomptoirla.com/,1
Q Sushi,34.046883,-118.255844,Los Angeles,California,Japanese,150 - 300 USD,http://www.qsushila.com/,1
Shibumi,34.044154999999996,-118.256134,Los Angeles,California,Japanese,95 - 195 USD,https://www.shibumidtla.com/,1
Hayato,34.03311,-118.24265,Los Angeles,California,Japanese,,,1
Bistro Na's,34.104411999999996,-118.07158999999999,Los Angeles,California,Chinese,,,1
Orsa & Winston,33.92145,-118.275406,Los Angeles,California,Fusion,125 USD,https://www.orsaandwinston.com/,1
Taco María,33.69475,-117.92496499999999,Costa Mesa,California,Mexican,45 - 84 USD,https://www.tacomaria.com/,1
Hana re,33.67759,-117.88656599999999,Costa Mesa,California,Japanese,200 USD,https://www.hanaresushi.com/,1
Addison,32.939903,-117.20013,San Diego,California,Contemporary,,,1
Parachute,41.944829999999996,-87.70638000000001,Chicago,Chicago,Fusion,50 - 75 USD,https://www.parachuterestaurant.com/,1
Goosefoot,41.96856,-87.69596,Chicago,Chicago,Contemporary,145 - 165 USD,https://www.goosefoot.net/,1
Elizabeth,41.969555,-87.68873599999999,Chicago,Chicago,Contemporary,75 - 150 USD,https://www.elizabeth-restaurant.com/,1
EL Ideas,41.863,-87.68686,Chicago,Chicago,Contemporary,75 - 150 USD,https://www.elideas.com/,1
Band of Bohemia,41.967308,-87.67477,Chicago,Chicago,Gastropub,,,1
Schwa,41.908879999999996,-87.66792,Chicago,Chicago,Contemporary,160 USD,https://www.schwarestaurant.com/,1
Temporis,41.898907,-87.66725,Chicago,Chicago,Contemporary,165 USD,https://www.temporischicago.com/,1
Entente,41.93721,-87.6652,Chicago,Chicago,Contemporary,60 - 130 USD,http://www.ententechicago.com/,1
Elske,41.884426,-87.66071,Chicago,Chicago,Contemporary,75 - 100 USD,https://www.elskerestaurant.com/,1
Dusek's (Board & Beer),41.857853000000006,-87.65756999999999,Chicago,Chicago,Gastropub,,,1
Roister,41.886658000000004,-87.65187,Chicago,Chicago,Contemporary,,,1
Boka,41.91363,-87.64806,Chicago,Chicago,Contemporary,53 - 165 USD,https://www.bokachicago.com/,1
Blackbird,41.88423,-87.64356,Chicago,Chicago,Contemporary,,,1
Sepia,41.88394,-87.64246999999999,Chicago,Chicago,American,24 - 75 USD,https://www.sepiachicago.com/,1
North Pond,41.9296,-87.63762,Chicago,Chicago,Contemporary,65 - 95 USD,http://www.northpondrestaurant.com/,1
Everest,41.87597,-87.63212,Chicago,Chicago,French,,,1
Topolobampo,41.89047,-87.63085,Chicago,Chicago,Mexican,100 - 140 USD,https://www.rickbayless.com/,1
Spiaggia,41.90062,-87.62456999999999,Chicago,Chicago,Italian,,,1
Monte,45.08279,13.631167999999999,Rovinj,Croatia,Creative,"794 - 1,044 HRK",https://www.monte.hr/,1
Draga di Lovrana,45.275867,14.251401000000001,Lovran,Croatia,Modern cuisine,360 - 590 HRK,https://www.dragadilovrana.hr/,1
Noel,45.811054,15.988204999999999,Zagreb,Croatia,Modern cuisine,135 - 950 HRK,https://www.noel.hr/,1
Pelegrini,43.73603,15.888902999999999,Šibenik,Croatia,Modern cuisine,760 - 955 HRK,https://www.pelegrini.hr/,1
360º,42.641563,18.111523000000002,Dubrovnik,Croatia,Modern cuisine,,,1
Field,50.0919,14.42193,Praha,Czech Republic,Modern cuisine,"650 - 3,200 CZK",https://www.fieldrestaurant.cz/,1
La Degustation Bohême Bourgeoise,50.09115,14.42511,Praha,Czech Republic,Modern cuisine,"950 - 2,100 CZK",https://www.ladegustation.cz/,1
Gastromé,56.157880000000006,10.20937,Aarhus,Denmark,Modern cuisine,"900 - 1,800 DKK",https://www.gastrome.dk/,1
Domestic,56.158930000000005,10.212132,Aarhus,Denmark,Modern cuisine,"645 - 1,500 DKK",https://www.restaurantdomestic.dk/,1
Substans,56.15415,10.20372,Aarhus,Denmark,Modern cuisine,"450 - 1,500 DKK",www.restaurantsubstans.dk,1
Frederikshøj,56.12497,10.208638,Aarhus,Denmark,Creative,"2,000 DKK",https://www.frederikshoj.com/,1
Me‚Mu,55.70901,9.53302,Vejle,Denmark,Modern cuisine,,,1
Ti Trin Ned,55.566590000000005,9.752689,Fredericia,Denmark,Modern cuisine,"1,200 DKK",https://www.titrinned.dk/,1
Slotskøkkenet,55.771236,11.390805,Hørve,Denmark,Creative,,,1
Søllerød Kro,55.81325,12.49548,København,Denmark,Modern cuisine,"545 - 1,795 DKK",https://www.soelleroed-kro.dk/,1
Jordnær,55.748226,12.541014,København,Denmark,Danish,,,1
Relæ,55.693233,12.543222,København,Denmark,Modern cuisine,,,1
Kiin Kiin,55.691880000000005,12.55754,København,Denmark,Thai,"550 - 1,350 DKK",https://www.kiin.dk/,1
formel B,55.67031,12.537980000000001,København,Denmark,Modern cuisine,450 - 995 DKK,https://www.formelb.dk/,1
Kokkeriet,55.68768000000001,12.58492,København,Denmark,Modern cuisine,"800 - 1,200 DKK",https://www.kokkeriet.dk/,1
Clou,55.68342,12.58497,København,Denmark,Modern cuisine,,,1
Marchal,55.68034,12.58508,København,Denmark,Modern cuisine,"450 - 3,145 DKK",http://www.marchal.dk/,1
Kong Hans Kælder,55.6787,12.584003,København,Denmark,Classic French,,,1
Stud!o at The Standard,55.67799,12.59191,København,Denmark,Creative,,,1
108,55.67785,12.598083500000001,København,Denmark,Modern cuisine,,,1
Era Ora,55.673004000000006,12.591292,København,Denmark,Italian,,,1
Alouette,55.66265,12.57634,København,Denmark,Modern cuisine,995 DKK,https://www.restaurantalouette.dk/,1
Frederiksminde,55.12416999999999,12.04623,Præstø,Denmark,Creative,"600 - 1,500 DKK",www.frederiksminde.com,1
Kadeau Bornholm,55.004569999999994,14.969216000000001,Pedersker,Denmark,Creative,"1,600 - 1,950 DKK",https://www.kadeau.dk/,1
Ask,60.17236,24.95648,Helsingfors / Helsinki,Finland,Modern cuisine,,,1
Grön,60.16446,24.93308,Helsingfors / Helsinki,Finland,Finnish,86 - 124 EUR,https://www.restaurantgron.com/,1
Demo,60.164806000000006,24.941635,Helsingfors / Helsinki,Finland,Modern cuisine,78 - 105 EUR,https://www.restaurantdemo.fi/,1
Olo,60.16616,24.947704,Helsingfors / Helsinki,Finland,Modern cuisine,109 - 159 EUR,https://www.olo-ravintola.fi/,1
Palace,60.16556,24.952560000000002,Helsingfors / Helsinki,Finland,Modern cuisine,180 - 200 EUR,https://www.palacerestaurant.fi/,1
Ora,60.157578,24.942947,Helsingfors / Helsinki,Finland,Modern cuisine,94 EUR,https://www.orarestaurant.fi/,1
Botrini's,38.023179999999996,23.793770000000002,Athína,Greece,Mediterranean,90 - 120 EUR,https://www.botrinis.com/,1
Varoulko Seaside,37.937378,23.658576999999998,Athína,Greece,Seafood,43 - 60 EUR,https://www.varoulko.gr/,1
Hytra,37.95818,23.71895,Athína,Greece,Modern cuisine,55 - 90 EUR,https://www.hytra.gr/,1
Loaf On,22.379858,114.27188000000001,Hong Kong,Hong Kong,Cantonese,200 - 500 HKD,,1
Lei Garden (Kwun Tong),22.312672,114.22482,Hong Kong,Hong Kong,Cantonese,150 - 550 HKD,www.leigarden.com.hk,1
Tim Ho Wan (Sham Shui Po),22.32805,114.16665,Hong Kong,Hong Kong,Dim Sum,50 - 100 HKD,,1
Lei Garden (Mong Kok),22.320219,114.17133000000001,Hong Kong,Hong Kong,Cantonese,,,1
Ming Court,22.318314,114.16933,Hong Kong,Hong Kong,Cantonese,300 - 800 CNY,https://www.cordishotels.com/shanghai-hongqiao,1
Yat Tung Heen (Jordan),22.308014,114.17147,Hong Kong,Hong Kong,Cantonese,,,1
Fu Ho (Tsim Sha Tsui),22.3022,114.17193999999999,Hong Kong,Hong Kong,Cantonese,,,1
Shang Palace,22.297325,114.177155,Hong Kong,Hong Kong,Cantonese,50 - 328 SGD,https://www.shangri-la.com/singapore,1
Shang Palace,22.297325,114.177155,Hong Kong,Hong Kong,Cantonese,"400 - 1,388 HKD",www.shangri-la.com/kowloon,1
IM Teppanyaki & Wine,22.280807,114.19211000000001,Hong Kong,Hong Kong,Teppanyaki,,,1
Ah Yat Harbour View (Tsim Sha Tsui),22.296984,114.17197,Hong Kong,Hong Kong,Cantonese,,,1
Rech,22.293434,114.174034,Hong Kong,Hong Kong,Seafood,,,1
Spring Moon,22.294943,114.17182,Hong Kong,Hong Kong,Cantonese,"400 - 2,188 HKD",https://www.peninsula.com/hongkong,1
Imperial Treasure Fine Chinese Cuisine,22.296177,114.170006,Hong Kong,Hong Kong,Cantonese,,,1
Sushi Tokami,22.296112,114.16916,Hong Kong,Hong Kong,Sushi,,,1
Tosca,22.30357,114.16006999999999,Hong Kong,Hong Kong,Italian,69 - 200 CHF,https://www.tosca-geneva.ch/,1
Épure,22.29583,114.169304,Hong Kong,Hong Kong,French,"498 - 1,888 HKD",http://www.epure.hk/,1
Yee Tung Heen,22.282295,114.18413500000001,Hong Kong,Hong Kong,Cantonese,,,1
Yè Shanghai (Tsim Sha Tsui),22.295143,114.16823600000001,Hong Kong,Hong Kong,Shanghainese,200 - 800 HKD,https://www.elite-concepts.com/,1
Ho Hung Kee,22.280058,114.18364,Hong Kong,Hong Kong,Noodles and congee,,,1
Jardin de Jade (Wan Chai),22.28025,114.17716000000001,Hong Kong,Hong Kong,Shanghainese,200 - 400 HKD,http://www.jade388.com/,1
Zhejiang Heen,22.2787,114.17763000000001,Hong Kong,Hong Kong,Shanghainese,200 - 800 HKD,https://www.zhejiangheen.com/,1
Takumi by Daisuke Mori,22.276512,114.17718,Hong Kong,Hong Kong,Innovative,"2,080 HKD",https://www.takumibymori.com/,1
Kam's Roast Goose,22.277693,114.175385,Hong Kong,Hong Kong,Cantonese Roast Meats,65 - 200 HKD,https://www.krg.com.hk/,1
Pang's Kitchen,22.26921,114.18451999999999,Hong Kong,Hong Kong,Cantonese,98 - 500 HKD,,1
Xin Rong Ji,22.278013,114.17273,Hong Kong,Hong Kong,Taizhou,"500 - 1,500 HKD",,1
Qi (Wan Chai),22.276443,114.17126,Hong Kong,Hong Kong,Sichuan,,,1
Man Wah,22.282213,114.15951000000001,Hong Kong,Hong Kong,Cantonese,"500 - 3,288 HKD",https://www.mandarinoriental.com/hongkong,1
Summer Palace,22.277136,114.1643,Hong Kong,Hong Kong,Cantonese,"300 - 1,500 HKD",https://www.shangri-la.com/island,1
Octavium,22.282587,114.1572,Hong Kong,Hong Kong,Italian,"560 - 1,888 HKD",www.octavium.com.hk,1
Arbor,22.283146,114.15541999999999,Hong Kong,Hong Kong,Innovative,,,1
VEA,22.284931,114.15313,Hong Kong,Hong Kong,Innovative,,,1
Mandarin Grill + Bar,22.281048000000002,114.1574,Hong Kong,Hong Kong,European contemporary,"598 - 1,988 HKD",https://www.mandarinoriental.com/hongkong,1
Yat Lok,22.28226,114.15565500000001,Hong Kong,Hong Kong,Cantonese Roast Meats,70 - 360 HKD,,1
Guo Fu Lou,22.278313,114.16033999999999,Hong Kong,Hong Kong,Cantonese,,,1
Celebrity Cuisine,22.284334,114.15312,Hong Kong,Hong Kong,Cantonese,"200 - 1,000 HKD",www.lankwaifonghotel.com.hk,1
Sushi Wadatsumi,22.281038,114.15646000000001,Hong Kong,Hong Kong,Sushi,,,1
Arcane,22.280624,114.15682,Hong Kong,Hong Kong,European contemporary,"458 - 1,200 HKD",https://www.arcane.hk/,1
Duddell's,22.280079999999998,114.15736399999999,Hong Kong,Hong Kong,Cantonese,"398 - 1,500 HKD",www.duddells.co,1
Beefbar,22.27982,114.15751999999999,Hong Kong,Hong Kong,Steakhouse,"330 - 1,500 HKD",http://www.beefbar.hk/,1
New Punjab Club,22.28005,114.15525,Hong Kong,Hong Kong,Indian,600 - 800 HKD,https://www.newpunjabclub.com/,1
Kaiseki Den by Saotome,22.285713,114.147865,Hong Kong,Hong Kong,Japanese,,,1
Belon,22.281662,114.152405,Hong Kong,Hong Kong,French,,,1
Tate,22.280996,114.15276000000001,Hong Kong,Hong Kong,Innovative,,,1
The Ocean,22.235146,114.198524,Hong Kong,Hong Kong,French,,,1
Costes Downtown,47.501129999999996,19.048595000000002,Budapest,Hungary,Modern cuisine,"7,900 - 31,500 HUF",www.costesdowntown.hu,1
Borkonyha Winekitchen,47.49953,19.052391,Budapest,Hungary,Modern cuisine,"8,650 - 23,000 HUF",www.borkonyha.hu,1
Stand,47.500244,19.059624,Budapest,Hungary,Modern cuisine,"16,500 - 34,500 HUF",www.standrestaurant.hu,1
Babel,47.492603,19.05256,Budapest,Hungary,Modern cuisine,,,1
Costes,47.48873,19.061779,Budapest,Hungary,Modern cuisine,,,1
The Kitchen,22.191442000000002,113.54299999999999,Macau,Macau,Steakhouse,"430 - 1,800 MOP",https://www.grandlisboahotels.com/,1
Tim's Kitchen,22.189898,113.5439,Macau,Macau,Cantonese,,,1
Wing Lei,22.188028,113.54578000000001,Macau,Macau,Cantonese,,,1
King,22.190178,113.54028000000001,Macau,Macau,Cantonese,,,1
Ying,22.161234,113.55540500000001,Macau,Macau,Cantonese,"300 - 2,000 MOP",https://www.altiramacau.com/,1
Shinji by Kanesaka,22.149635,113.56397,Macau,Macau,Sushi,,,1
The Golden Peacock,22.148178,113.56335,Macau,Macau,Indian,208 - 700 MOP,https://www.venetianmacao.com/,1
Zi Yat Heen,22.145418,113.56152,Macau,Macau,Cantonese,"300 - 2,000 MOP",https://www.fourseasons.com/macau,1
8 1/2 Otto e Mezzo - Bombana,22.149179999999998,113.55393000000001,Macau,Macau,Italian,"1,050 - 2,280 MOP",https://www.ottoemezzobombana.com/,1
Pearl Dragon,22.140524,113.56256,Macau,Macau,Cantonese,"300 - 1,388 MOP",https://www.studiocity-macau.com/,1
Lai Heen,22.148754,113.551926,Macau,Macau,Cantonese,"280 - 1,200 CNY",https://www.ritzcarlton.com/guangzhou,1
Lai Heen,22.148754,113.551926,Macau,Macau,Cantonese,"300 - 2,688 MOP",https://www.ritzcarlton.com/macau,1
FAGN,63.43391999999999,10.39628,Trondheim,Norway,Modern cuisine,"800 - 3,200 NOK",https://www.fagn.no/,1
Credo,63.43391,10.39631,Trondheim,Norway,Creative,"1,800 NOK",https://www.restaurantcredo.no/,1
RE-NAA,58.972088,5.732876999999999,Stavanger,Norway,Creative,,,1
Sabi Omakase,58.969936,5.7433133000000005,Stavanger,Norway,Sushi,"1,690 NOK",https://www.omakase.no/,1
Galt,59.91661,10.71369,Oslo,Norway,Modern cuisine,,,1
Kontrast,59.92355,10.75106,Oslo,Norway,Scandinavian,"1,450 - 1,950 NOK",https://www.restaurant-kontrast.no/,1
Statholdergaarden,59.909369999999996,10.74305,Oslo,Norway,Classic cuisine,"1,195 - 1,995 NOK",https://www.statholdergaarden.no/,1
Del Posto,40.74327,-74.0077,New York,New York City,Italian,,,1
Le Grill de Joël Robuchon,40.742897,-74.0077,New York,New York City,French,,,1
L'Appart,40.711903,-74.01544,New York,New York City,French,,,1
Okuda,40.743793,-74.00633,New York,New York City,Japanese,,,1
Wallsé,40.73538,-74.00814,New York,New York City,Austrian,75 - 150 USD,https://www.wallse.com/,1
Jeju Noodle Bar,40.732952000000004,-74.00744,New York,New York City,Korean,25 - 50 USD,https://www.jejunoodlebar.com/,1
Sushi Nakazawa,40.731716,-74.00451,New York,New York City,Japanese,75 - 150 USD,https://www.sushinakazawa.com/,1
Sushi Nakazawa,40.731716,-74.00451,New York,New York City,Japanese,120 - 150 USD,https://www.sushinakazawa.com/,1
Kosaka,40.738316,-74.00137,New York,New York City,Japanese,75 - 155 USD,http://www.kosakanyc.com/,1
Bâtard,40.719615999999995,-74.00589000000001,New York,New York City,Contemporary,69 - 94 USD,https://www.batardtribeca.com/,1
Hirohisa,40.72452,-74.003006,New York,New York City,Japanese,50 - 160 USD,https://www.hirohisa.nyc/,1
Blue Hill,40.7321,-73.9996,New York,New York City,American,95 - 108 USD,http://www.bluehillfarm.com/,1
ZZ's Clam Bar,40.727646,-74.00046,New York,New York City,Seafood,,,1
Babbo,40.73233,-73.99916,New York,New York City,Italian,,,1
Carbone,40.727965999999995,-74.00017,New York,New York City,Italian,75 - 150 USD,https://www.carbonenewyork.com/,1
Le Coucou,40.719162,-74.00001,New York,New York City,French,45 - 130 USD,https://www.lecoucou.com/,1
Aldea,40.73885,-73.99365999999999,New York,New York City,Mediterranean,,,1
Cote,40.73778,-73.99375,New York,New York City,Korean,50 - 180 USD,https://www.cotenyc.com/,1
Bouley at Home,40.74114,-73.99242,New York,New York City,Contemporary,,,1
Gotham Bar and Grill,40.73417,-73.99379,New York,New York City,American,,,1
Nix,40.733166,-73.993515,New York,New York City,Vegetarian,,,1
Junoon,40.74325,-73.99077,New York,New York City,Indian,,,1
NoMad,40.74497,-73.98883000000001,New York,New York City,Contemporary,,,1
The Musket Room,40.723915000000005,-73.99375,New York,New York City,Contemporary,40 - 95 USD,https://www.themusketroom.com/,1
Uncle Boons,40.721203,-73.99441,New York,New York City,Thai,,,1
Noda,40.74497,-73.988075,New York,New York City,Japanese,320 USD,https://www.noda.nyc/,1
Gramercy Tavern,40.738490000000006,-73.98868,New York,New York City,Contemporary,40 - 189 USD,https://www.gramercytavern.com/,1
The Clocktower,40.7414,-73.987595,New York,New York City,Contemporary,50 - 100 USD,https://www.theclocktowernyc.com/,1
Ai Fiori,40.75013,-73.98357,New York,New York City,Italian,54 - 150 USD,https://www.aifiorinyc.com/,1
Casa Mono,40.73595,-73.98706,New York,New York City,Spanish,50 - 75 USD,https://www.casamononyc.com/,1
Jewel Bako,40.727129999999995,-73.98928000000001,New York,New York City,Japanese,,,1
The River Café,40.703613,-73.99477399999999,New York,New York City,Contemporary,54 - 175 USD,https://www.rivercafe.com/,1
Bar Uchū,40.72191,-73.99003,New York,New York City,Japanese,,,1
Café China,40.749973,-73.98228,New York,New York City,Chinese,,,1
Kanoyama,40.730709999999995,-73.98655,New York,New York City,Japanese,50 - 75 USD,https://www.kanoyama.com/,1
Contra,40.719916999999995,-73.98921999999999,New York,New York City,Contemporary,89 USD,https://www.contranyc.com/,1
Atomix,40.744408,-73.98292,New York,New York City,Korean,,,1
Kyo Ya,40.7266,-73.98526,New York,New York City,Japanese,,,1
Kajitsu,40.727759999999996,-73.98428,New York,New York City,Japanese,120 USD,https://www.kajitsunyc.com/,1
Agern,40.752340000000004,-73.9775,New York,New York City,Scandinavian,,,1
Caviar Russe,40.760684999999995,-73.97355,New York,New York City,Contemporary,70 - 150 USD,https://www.caviarrusse.com/,1
Tuome,40.724194,-73.9828,New York,New York City,Fusion,50 - 75 USD,https://www.tuomenyc.com/,1
Tempura Matsui,40.74839,-73.97474,New York,New York City,Japanese,40 - 230 USD,https://www.tempuramatsui.com/,1
Sushi Yasuda,40.75108,-73.97364,New York,New York City,Japanese,45 - 400 USD,https://www.sushiyasuda.com/,1
Sushi Amane,40.751329999999996,-73.971725,New York,New York City,Japanese,250 USD,https://www.sushi-amane.com/,1
Café Boulud,40.774390000000004,-73.96414,New York,New York City,French,,,1
Claro,40.677395000000004,-73.98615,New York,New York City,Mexican,25 - 50 USD,https://www.clarobk.com/,1
Satsuki,40.801243,-73.95187,New York,New York City,Japanese,,,1
Sushi Noz,40.77384,-73.958275,New York,New York City,Japanese,175 - 325 USD,https://www.sushinoz.com/,1
Sushi Inoue,40.810448,-73.943726,New York,New York City,Japanese,,,1
Meadowsweet,40.710353999999995,-73.96316999999999,New York,New York City,Mediterranean,50 - 85 USD,https://www.meadowsweetnyc.com/,1
Casa Enríque,40.743491999999996,-73.95425,New York,New York City,Mexican,,,1
Peter Luger,40.70986,-73.96263,New York,New York City,Steakhouse,75 - 150 USD,https://www.peterluger.com/,1
Oxomoco,40.730057,-73.95538,New York,New York City,Mexican,30 - 75 USD,https://www.oxomoconyc.com/,1
The Finch,40.68704,-73.96297,New York,New York City,American,,,1
Faro,40.707584000000004,-73.923035,New York,New York City,American,,,1
Senses,52.244583,21.005886,Warszawa,Poland,Modern cuisine,,,1
atelier Amaro,52.217079999999996,21.037679999999998,Warszawa,Poland,Modern cuisine,,,1
Aniar,53.271119999999996,-9.057078,Gaillimh/Galway,Ireland,Creative,110 EUR,https://www.aniarrestaurant.ie/,1
Loam,53.27384,-9.044447,Gaillimh/Galway,Ireland,Creative,58 - 99 EUR,https://www.loamgalway.com/,1
Wild Honey Inn,53.03151,-9.2911,Lios Dúin Bhearna/Lisdoonvarna,Ireland,Classic cuisine,70 - 80 EUR,https://www.wildhoneyinn.com/,1
Chestnut,51.562588,-9.460854,Ballydehob,Ireland,Modern cuisine,100 EUR,https://www.restaurantchestnutwestcork.ie/,1
Mews,51.48285,-9.37234,Baltimore,Ireland,Modern cuisine,,,1
Ichigo Ichie,51.898167,-8.479933,Corcaigh/Cork,Ireland,Japanese,120 - 135 EUR,https://www.ichigoichie.ie/,1
Chapter One,53.354374,-6.263786,City Centre,Ireland,Modern cuisine,,,1
Greenhouse,53.340042000000004,-6.258506,City Centre,Ireland,Modern cuisine,,,1
L'Ecrivain,53.33626999999999,-6.24834,City Centre,Ireland,Modern cuisine,,,1
Campagne,52.6559,-7.2464285,Cill Chainnigh/Kilkenny,Ireland,Modern British,45 - 68 EUR,https://www.campagne.ie/,1
Heron & Grey,53.30143,-6.177574,Blackrock,Ireland,Modern cuisine,,,1
Lady Helen,52.526095999999995,-7.188277,Baile Mhic Andáin/Thomastown,Ireland,Modern cuisine,90 - 130 EUR,https://www.mountjuliet.ie/,1
House,51.94777,-7.713539599999999,Aird Mhór/Ardmore,Ireland,Modern cuisine,130 EUR,https://www.cliffhousehotel.ie/,1
Olympe,-22.96109,-43.206579999999995,Rio de Janeiro - 22470,Rio de Janeiro,French,,,1
Lasai,-22.95401,-43.195570000000004,Rio de Janeiro - 22271,Rio de Janeiro,modern,345 - 385 BRL,https://www.lasai.com.br/,1
Oteque,-22.95747,-43.194424,Rio de Janeiro - 22271,Rio de Janeiro,modern,,,1
Mee,-22.96764,-43.17925,Rio de Janeiro - 22021,Rio de Janeiro,Asian influences,190 - 520 BRL,https://www.belmond.com/,1
Cipriani,-22.96755,-43.17901,Rio de Janeiro - 22021,Rio de Janeiro,Italian,180 - 440 BRL,https://www.belmond.com/,1
Jun Sakamoto,-23.56318,-46.67737,São Paulo - 05413,Sao Paulo,Japanese,300 - 395 BRL,,1
Maní,-23.56621,-46.67974,São Paulo - 05415,Sao Paulo,creative,130 - 470 BRL,https://www.manimanioca.com.br/,1
Evvai,-23.567078,-46.679146,São Paulo - 05415,Sao Paulo,modern,160 - 389 BRL,https://www.evvai.com.br/,1
Picchi,-23.565063000000002,-46.666767,São Paulo - 01426,Sao Paulo,Italian,170 - 460 BRL,https://www.restaurantepicchi.com.br/,1
Kosushi,-23.58522,-46.6809,São Paulo - 04538,Sao Paulo,Japanese,,,1
Ryo Gastronomia,-23.58132,-46.6767,São Paulo - 04531,Sao Paulo,Japanese,,,1
Tangará Jean-Georges,-23.634005,-46.72428,São Paulo - 05706,Sao Paulo,modern,,,1
Kinoshita,-23.59159,-46.671459999999996,São Paulo - 04509,Sao Paulo,Japanese,83 - 383 BRL,https://www.restaurantekinoshita.com.br/,1
Kan Suke,-23.5684,-46.649359999999994,São Paulo - 01401,Sao Paulo,Japanese,70 - 340 BRL,,1
Huto,-23.60882,-46.6598,São Paulo - 04080,Sao Paulo,Japanese,190 - 315 BRL,https://www.hutorestaurante.com.br/,1
Stay,37.513003999999995,127.10257,Seoul,South Korea,French contemporary,,,1
Lee Jong Kuk 104,37.592903,126.99728400000001,Seoul,South Korea,Korean,,,1
Hansikgonggan,37.577705,126.98852,Seoul,South Korea,Korean,"80,000 - 150,000 KRW",,1
Dining in Space,37.57761,126.98845,Seoul,South Korea,French contemporary,,,1
Exquisine,37.521046000000005,127.04973600000001,Seoul,South Korea,Innovative,"60,000 - 145,000 KRW",,1
Dosa,37.52445,127.04441000000001,Seoul,South Korea,Innovative,,,1
Joo Ok,37.52252,127.04396000000001,Seoul,South Korea,Korean contemporary,"90,000 - 200,000 KRW",,1
Balwoo Gongyang,37.573890000000006,126.98318,Seoul,South Korea,Temple cuisine,,,1
Muoki,37.518963,127.04217,Seoul,South Korea,Innovative,"70,000 - 160,000 KRW",http://www.muoki.kr/,1
L'Amitié,37.522675,127.032646,Seoul,South Korea,French,"80,000 - 190,000 KRW",,1
Yu Yuan,37.57045,126.97533999999999,Seoul,South Korea,Chinese,"60,000 - 220,000 KRW",https://www.fourseasons.com/seoul,1
Bicena,37.5384,127.00135,Seoul,South Korea,Korean,"77,000 - 190,000 KRW",https://www.bicena.com/,1
Mosu,37.536415000000005,126.99933999999999,Seoul,South Korea,Innovative,,,1
Poom,37.54903,126.98341,Seoul,South Korea,Korean,,,1
Soigné,37.49816,127.00200000000001,Seoul,South Korea,Innovative,61 - 88 EUR,https://www.restaurantsoigne.nl/,1
Soigné,37.49816,127.00200000000001,Seoul,South Korea,Innovative,"98,000 - 265,000 KRW",http://www.soignerestaurantgroup.com/,1
Table for Four,37.497690000000006,126.99441999999999,Seoul,South Korea,European contemporary,"60,000 - 120,000 KRW",,1
Zero Complex,37.494170000000004,126.9948,Seoul,South Korea,Innovative,"100,000 - 180,000 KRW",,1
Jin Jin,37.55777,126.91323999999999,Seoul,South Korea,Chinese,,,1
Gotgan,37.52212,126.92022,Seoul,South Korea,Korean,,,1
Hill Street Tai Hwa Pork Noodle,1.3052,103.8624,Singapore,Singapore,Street Food,6 - 10 SGD,,1
Putien (Kitchener Road),1.30969,103.8573,Singapore,Singapore,Fujian,,,1
Chef Kang's,1.304735,103.84955,Singapore,Singapore,Cantonese,80 - 120 SGD,https://www.chef-kang.com/,1
Garibaldi,1.296564,103.855,Singapore,Singapore,Italian,39 - 240 SGD,https://www.garibaldi.com.sg/,1
Summer Pavilion,1.291284,103.8603,Singapore,Singapore,Cantonese,60 - 200 SGD,http://www.summerpavilion.com.sg/,1
Shinji (Bras Basah Road),1.2959028000000001,103.8539,Singapore,Singapore,Sushi,90 - 650 SGD,https://www.shinjibykanesaka.com/,1
The Song of India,1.310767,103.8353,Singapore,Singapore,Indian,,,1
Lei Garden,1.295228,103.8521,Singapore,Singapore,Cantonese,60 - 120 SGD,https://www.leigarden.hk/,1
Whitegrass,1.295452,103.8516,Singapore,Singapore,Australian,68 - 218 SGD,www.whitegrass.com.sg,1
Jaan,1.2931840000000001,103.8529,Singapore,Singapore,French contemporary,,,1
Labyrinth,1.2899688,103.8562,Singapore,Singapore,Innovative,98 - 208 SGD,https://www.labyrinth.com.sg/,1
Cut,1.2853268,103.8607,Singapore,Singapore,Steakhouse,,,1
Alma,1.309123,103.834,Singapore,Singapore,European contemporary,78 - 258 SGD,https://www.alma.sg/,1
Béni,1.3023790000000002,103.8366,Singapore,Singapore,French contemporary,108 - 268 SGD,https://www.beni-sg.com/,1
Crystal Jade Golden Palace,1.303244,103.8353,Singapore,Singapore,Chinese,,,1
Imperial Treasure Fine Teochew Cuisine (Orchard),1.3032448,103.8349,Singapore,Singapore,Chinese,30 - 128 SGD,https://www.imperialtreasure.com/,1
Saint Pierre,1.2857809999999998,103.8538,Singapore,Singapore,French contemporary,,,1
Sushi Ichi,1.305105,103.8324,Singapore,Singapore,Sushi,100 - 430 SGD,http://www.ginza-sushiichi.jp/,1
Sushi Kimura,1.3063718999999998,103.829475,Singapore,Singapore,Sushi,180 - 400 SGD,https://www.sushikimura.com.sg/,1
Iggy's,1.305986,103.8294,Singapore,Singapore,European contemporary,105 - 285 SGD,https://www.iggys.com.sg/,1
Braci,1.287212,103.84949,Singapore,Singapore,Italian contemporary,,,1
Jiang-Nan Chun,1.304937,103.8288,Singapore,Singapore,Cantonese,,,1
Bacchanalia,1.2874758,103.8474,Singapore,Singapore,Innovative,,,1
Shinji (Tanglin Road),1.305821,103.8257,Singapore,Singapore,Sushi,125 - 550 SGD,https://www.shinjibykanesaka.com/,1
Corner House,1.315121,103.8154,Singapore,Singapore,Innovative,118 - 248 SGD,https://www.cornerhouse.com.sg/,1
Summer Palace,1.3043848,103.825,Singapore,Singapore,Cantonese,56 - 398 SGD,https://www.regenthotels.com/,1
Cheek by Jowl,1.281301,103.84849,Singapore,Singapore,Australian,,,1
Nouri,1.28086,103.84713,Singapore,Singapore,Innovative,148 - 250 SGD,https://www.nouri.com.sg/,1
Liao Fan Hong Kong Soya Sauce Chicken Rice & Noodle,1.2824799999999998,103.8439,Singapore,Singapore,Street Food,,,1
Burnt Ends,1.2805010000000001,103.8418,Singapore,Singapore,Barbecue,,,1
Rhubarb,1.279368,103.84299999999999,Singapore,Singapore,French contemporary,52 - 168 SGD,https://www.rhubarb.sg/,1
Meta,1.279372,103.8415,Singapore,Singapore,Innovative,175 - 270 SGD,https://metarestaurant.sg/,1
Ma Cuisine,1.27826,103.84200000000001,Singapore,Singapore,French,108 - 388 SGD,https://macuisinesg.com/,1
Candlenut,1.2797709,103.8402,Singapore,Singapore,Peranakan,50 - 98 SGD,https://www.comodempsey.sg/,1
Bhoga,57.70618,11.9624,Göteborg,Sweden,Creative,,,1
Koka,57.698406000000006,11.965365,Göteborg,Sweden,Modern cuisine,660 - 995 SEK,https://www.restaurangkoka.se/,1
28+,57.69809,11.97377,Göteborg,Sweden,Modern cuisine,"710 - 1,195 SEK",http://www.28plus.se/,1
SK Mat & Människor,57.69688000000001,11.98338,Göteborg,Sweden,Modern cuisine,630 - 825 SEK,https://www.skmat.se/,1
Thörnströms Kök,57.69436999999999,11.977609,Göteborg,Sweden,Classic cuisine,,,1
Upper House,57.69745,11.990210000000001,Göteborg,Sweden,Creative,,,1
Agrikultur,59.34777,18.058629999999997,Stockholm,Sweden,Modern cuisine,825 - 895 SEK,https://www.agrikultur.se/,1
Sushi Sho,59.341286,18.049892,Stockholm,Sweden,Japanese,"895 - 1,495 SEK",https://www.sushisho.se/,1
Volt,59.33866999999999,18.079683,Stockholm,Sweden,Creative,,,1
Ekstedt,59.33674,18.075210000000002,Stockholm,Sweden,Meats and grills,"795 - 1,395 SEK",https://www.ekstedt.nu/,1
Operakällaren,59.329876,18.071363,Stockholm,Sweden,Classic cuisine,"1,500 - 2,500 SEK",https://www.operakallaren.se/,1
Mathias Dahlgren-Matbaren,59.32935,18.075429999999997,Stockholm,Sweden,Modern cuisine,,,1
Aloë,59.2842,17.985748,Stockholm,Sweden,Creative,,,1
PM & Vänner,56.878919999999994,14.803870000000002,Växjö,Sweden,Creative,"1,195 - 1,695 SEK",https://www.pmrestauranger.se/,1
Bloom in the Park,55.59064,12.99794,Malmö,Sweden,Creative,,,1
SAV,55.53376,13.00537,Malmö,Sweden,Creative,,,1
Golden Formosa,25.118216,121.53623,Taipei,Taipei,Taiwanese,"800 - 1,500 TWD",https://www.goldenformosa.com.tw/,1
Danny's Steakhouse,25.082657,121.552765,Taipei,Taipei,Steakhouse,"1,280 - 3,380 TWD",,1
L'Atelier de Joël Robuchon,25.039188,121.56771,Taipei,Taipei,French contemporary,,,1
Kitcho,25.04429,121.55076000000001,Taipei,Taipei,Sushi,"3,500 - 7,000 TWD",,1
Tien Hsiang Lo,25.062696,121.529976,Taipei,Taipei,Hang Zhou,"2,000 - 8,800 TWD",http://taipei.landishotelsresorts.com/,1
Ya Ge,25.06625,121.52533000000001,Taipei,Taipei,Cantonese,"1,200 - 8,800 TWD",https://www.mandarinoriental.com/taipei,1
Da-Wan,25.043018,121.55018999999999,Taipei,Taipei,Barbecue,"3,000 - 5,000 TWD",https://www.dawan.com.tw/,1
Sushi Nomura,25.036179999999998,121.55465,Taipei,Taipei,Sushi,"3,000 - 10,000 TWD",,1
logy,25.035610000000002,121.55323,Taipei,Taipei,Asian contemporary,,,1
Ming Fu,25.06171,121.52399,Taipei,Taipei,Taiwanese,"1,500 - 2,000 TWD",,1
Ken An Ho,25.034622,121.55281000000001,Taipei,Taipei,Japanese,,,1
Sushi Ryu,25.055832000000002,121.52723999999999,Taipei,Taipei,Sushi,"3,000 - 7,000 TWD",,1
MUME,25.036266,121.54808999999999,Taipei,Taipei,European contemporary,,,1
Impromptu by Paul Lee,25.054289999999998,121.524254,Taipei,Taipei,Innovative,"2,800 TWD",https://www.impromptu.com.tw/,1
Longtail,25.023922,121.54841,Taipei,Taipei,Innovative,"1,400 - 2,880 TWD",https://www.longtail.com.tw/,1
Mountain and Sea House,25.038045999999998,121.53139499999999,Taipei,Taipei,Taiwanese,"980 - 4,680 TWD",https://www.mountain-n-seahouse.com/,1
Da San Yuan,25.042248,121.512215,Taipei,Taipei,Cantonese,,,1
Tainan Tan Tsu Mien Seafood,25.03799,121.4984,Taipei,Taipei,Seafood,,,1
Suan Thip,13.926962,100.502144,Bangkok,Thailand,Thai,"550 - 1,500 THB",https://www.suanthip.com/,1
Upstairs at Mikkeller,13.727946,100.58844,Bangkok,Thailand,Innovative,,,1
Chim by Siam Wisdom,13.740706,100.56789,Bangkok,Thailand,Thai,"450 - 2,900 THB",,1
R-Haan,13.731805,100.57972,Bangkok,Thailand,Thai,,,1
Canvas,13.728886,100.580826,Bangkok,Thailand,Innovative,"4,500 THB",https://www.canvasbangkok.com/,1
Bo.lan,13.726389000000001,100.57799,Bangkok,Thailand,Thai,,,1
Sra Bua by Kiin Kiin,13.754137,100.53451,Bangkok,Thailand,Thai Contemporary,"1,850 - 3,200 THB",https://www.kempinski.com/,1
Elements,13.742977999999999,100.54798000000001,Bangkok,Thailand,French contemporary,52 - 85 EUR,www.restaurant-elements.de,1
Elements,13.742977999999999,100.54798000000001,Bangkok,Thailand,French contemporary,"3,200 - 5,200 THB",https://www.okurabangkok.com/,1
Paste,13.744594000000001,100.540565,Bangkok,Thailand,Thai,"2,100 - 3,500 THB",https://www.pastebangkok.com/,1
Ginza Sushi ichi,13.744069,100.54092,Bangkok,Thailand,Sushi,,,1
Sorn,13.723242,100.56848000000001,Bangkok,Thailand,Southern Thai,,,1
Savelberg,13.738216,100.54642,Bangkok,Thailand,French contemporary,,,1
Saneh Jaan,13.735739,100.54605,Bangkok,Thailand,Thai,"800 - 3,200 THB",https://www.sanehjaan.com,1
Gaa,13.737805999999999,100.54275,Bangkok,Thailand,Innovative,,,1
Methavalai Sorndaeng,13.756321,100.502045,Bangkok,Thailand,Thai,"400 - 1,250 THB",,1
Jay Fai,13.752614000000001,100.50466,Bangkok,Thailand,Street Food,"300 - 1,500 THB",,1
Nahm,13.724357000000001,100.53926,Bangkok,Thailand,Thai,"740 - 3,500 THB",https://www.comohotels.com/metropolitanbangkok,1
J'AIME by Jean-Michel Lorain,13.718885,100.54632600000001,Bangkok,Thailand,French contemporary,"1,150 - 3,200 THB",https://www.jaime-bangkok.com/,1
Saawaan,13.721809,100.53741,Bangkok,Thailand,Thai Contemporary,"1,980 THB",https://www.saawaan.com/,1
Le Du,13.725005,100.52939,Bangkok,Thailand,Thai,"3,000 - 3,590 THB",https://www.ledubkk.com/,1
Ruean Panya,13.558403,100.28264,Bangkok,Thailand,Thai,,,1
PRU,8.034298,98.2764,Phuket,Thailand,Innovative,"4,500 - 5,500 THB",http://www.prurestaurant.com/,1
Blue Duck Tavern,38.905373,-77.05128,"Washington, D.C.",Washington DC,American,,,1
Tail Up Goat,38.9235,-77.043274,"Washington, D.C.",Washington DC,Contemporary,25 - 50 USD,https://www.tailupgoat.com/,1
Komi,38.910107,-77.03836,"Washington, D.C.",Washington DC,Mediterranean,165 USD,https://www.komirestaurant.com/,1
Sushi Taro,38.909991999999995,-77.03834,"Washington, D.C.",Washington DC,Japanese,150 - 300 USD,https://www.sushitaro.com/,1
Plume,38.906,-77.03671,"Washington, D.C.",Washington DC,European,106 - 120 USD,http://www.plumedc.com/,1
Siren by RW,38.907776,-77.035446,"Washington, D.C.",Washington DC,Seafood,,,1
Bresca,38.91584,-77.0321,"Washington, D.C.",Washington DC,Contemporary,50 - 110 USD,https://www.brescadc.com/,1
The Dabney,38.906292,-77.024666,"Washington, D.C.",Washington DC,American,25 - 50 USD,https://www.thedabney.com/,1
Métier,38.903503,-77.0218,"Washington, D.C.",Washington DC,Contemporary,200 - 260 USD,https://www.metierdc.com/,1
Kinship,38.903282,-77.0218,"Washington, D.C.",Washington DC,Contemporary,60 - 95 USD,https://www.kinshipdc.com/,1
Fiola,38.89416,-77.02032,"Washington, D.C.",Washington DC,Italian,75 - 220 USD,https://www.fioladc.com/,1
Masseria,38.909504,-76.99908,"Washington, D.C.",Washington DC,Italian,50 - 150 USD,https://www.masseria-dc.com/,1
Rose's Luxury,38.88064,-76.99515,"Washington, D.C.",Washington DC,Contemporary,,,1
Loch Bay,57.514869999999995,-6.57114,Waternish,United Kingdom,Modern cuisine,110 GBP,https://www.lochbay-restaurant.co.uk/,1
Braidwoods,55.69474,-4.7425,Dalry,United Kingdom,Classic cuisine,,,1
Eipic,54.595898,-5.932242400000001,Belfast,United Kingdom,Modern cuisine,29 - 80 GBP,https://www.deaneseipic.com/,1
OX,54.59891,-5.9219800000000005,Belfast,United Kingdom,Modern British,30 - 65 GBP,https://www.oxbelfast.com/,1
The Peat Inn,56.27861,-2.8845797,Peat Inn,United Kingdom,Classic cuisine,29 - 78 GBP,https://www.thepeatinn.co.uk/,1
Kitchin,55.976967,-3.1728419999999997,Leith,United Kingdom,Modern cuisine,,,1
Martin Wishart,55.975519999999996,-3.1701900000000003,Leith,United Kingdom,Modern cuisine,39 - 95 GBP,https://www.restaurantmartinwishart.co.uk/,1
Number One,55.952980000000004,-3.18966,Edinburgh,United Kingdom,Modern cuisine,110 GBP,https://www.roccofortehotels.com/hotels-and-resorts/the-balmoral-hotel/restaurants-and-bars/number-one/,1
21212,55.95674,-3.18018,Edinburgh,United Kingdom,Creative,,,1
The Cellar,56.222126,-2.6963209999999997,Anstruther,United Kingdom,Modern cuisine,50 - 80 GBP,https://www.thecellaranstruther.co.uk/,1
Forest Side,54.46396,-3.0157998,Grasmere,United Kingdom,Modern British,45 - 95 GBP,https://www.theforestside.com/,1
HRiSHi,54.35013000000001,-2.91172,Bowness-on-Windermere,United Kingdom,Modern cuisine,75 - 95 GBP,https://www.thegilpin.co.uk/,1
Rogan & Co,54.20074,-2.95464,Cartmel,United Kingdom,Creative British,34 - 63 GBP,https://www.roganandco.co.uk/,1
House of Tides,54.967580000000005,-1.61127,Newcastle upon Tyne,United Kingdom,Modern cuisine,85 - 110 GBP,https://www.houseoftides.co.uk/,1
Sosban & The Old Butchers,53.225925,-4.163006,Menai Bridge/Porthaethwy,United Kingdom,Modern cuisine,59 - 145 GBP,https://www.sosbanandtheoldbutchers.com/,1
Northcote,53.80933,-2.4476,Langho,United Kingdom,Modern British,45 - 95 GBP,https://www.northcote.com/,1
Yorke Arms,54.13435,-1.8183095,Pateley Bridge,United Kingdom,Modern cuisine,,,1
Fraiche,53.38183000000001,-3.04307,Birkenhead,United Kingdom,Creative,58 - 115 GBP,www.restaurantfraiche.com,1
White Swan,53.83916,-2.25097,Fence,United Kingdom,Modern British,50 GBP,https://www.whiteswanatfence.co.uk/,1
Tyddyn Llan,52.92405,-3.44329,Llandrillo,United Kingdom,Classic cuisine,,,1
Ynyshir,52.54476,-3.9449099999999997,Machynlleth,United Kingdom,Creative,200 - 300 GBP,https://www.ynyshir.co.uk/,1
Black Swan,54.21205,-1.1879198999999998,Oldstead,United Kingdom,Modern British,125 - 140 GBP,https://www.blackswanoldstead.co.uk/,1
Simon Radley at Chester Grosvenor,53.19064,-2.8891299999999998,Chester,United Kingdom,Modern cuisine,,,1
Star Inn at Harome,54.23101,-1.01023,Harome,United Kingdom,Modern British,36 - 78 GBP,https://www.thestaratharome.co.uk/,1
The Man Behind The Curtain,53.798286,-1.5399370000000001,Leeds,United Kingdom,Creative,88 - 132 GBP,https://www.themanbehindthecurtain.co.uk/,1
The Checkers,52.55568,-3.13769,Montgomery/Trefaldwyn,United Kingdom,French,,,1
Pipe and Glass,53.8955,-0.53301,South Dalton,United Kingdom,Modern British,,,1
Fischer's at Baslow Hall,53.25055,-1.6269798,Baslow,United Kingdom,Modern cuisine,,,1
Winteringham Fields,53.687780000000004,-0.59013,Winteringham,United Kingdom,Modern cuisine,65 - 95 GBP,https://www.winteringhamfields.co.uk/,1
Thomas Carr @ The Olive Room,51.209476,-4.118807,Ilfracombe,United Kingdom,Seafood,,,1
Walnut Tree,51.84534,-2.95438,Llanddewi Skirrid,United Kingdom,Modern British,35 - 60 GBP,https://www.thewalnuttreeinn.com/,1
Paul Ainsworth at No.6,50.541534000000006,-4.9398518,Padstow,United Kingdom,Modern cuisine,85 - 95 GBP,https://www.paul-ainsworth.co.uk/,1
Simpsons,52.46925,-1.9238800999999999,Birmingham,United Kingdom,Modern cuisine,55 - 115 GBP,https://www.simpsonsrestaurant.co.uk/,1
Purnell's,52.48268,-1.9018,Birmingham,United Kingdom,Modern cuisine,45 - 95 GBP,https://www.purnellsrestaurant.com/,1
Adam's,52.47964,-1.9002860000000001,Birmingham,United Kingdom,Modern cuisine,,,1
Outlaw's Fish Kitchen,50.59206,-4.832,Port Isaac,United Kingdom,Seafood,80 GBP,https://www.outlaws.co.uk/restaurants/fish-kitchen,1
Carters of Moseley,52.44588,-1.8838400000000002,Birmingham,United Kingdom,Modern British,120 GBP,https://www.cartersofmoseley.co.uk/,1
Peel's,52.4259,-1.7053599999999998,Hampton in Arden,United Kingdom,Creative British,95 - 125 GBP,https://www.hamptonmanor.com/,1
John's House,52.73295,-1.145851,Mountsorrel,United Kingdom,Modern cuisine,,,1
The Whitebrook,51.759696999999996,-2.686909,Whitebrook,United Kingdom,Modern British,47 - 95 GBP,https://www.thewhitebrook.co.uk/,1
James Sommerin,51.434387,-3.167951,Penarth,United Kingdom,Modern cuisine,,,1
Driftwood,50.1889,-4.97088,Portscatho,United Kingdom,Modern cuisine,,,1
The Cross at Kenilworth,52.350315,-1.5801147,Kenilworth,United Kingdom,Classic cuisine,35 - 65 GBP,https://www.thecrosskenilworth.co.uk/,1
Masons Arms,50.995470000000005,-3.6716300000000004,Knowstone,United Kingdom,Classic French,30 - 55 GBP,https://www.masonsarmsdevon.co.uk/,1
Salt,52.18963,-1.7092043000000001,Stratford-upon-Avon,United Kingdom,Modern British,48 - 85 GBP,https://www.salt-restaurant.co.uk/,1
Le Champignon Sauvage,51.891459999999995,-2.07912,Cheltenham,United Kingdom,Modern cuisine,40 - 75 GBP,https://www.lechampignonsauvage.co.uk/,1
Gidleigh Park,50.67658,-3.87354,Chagford,United Kingdom,Modern cuisine,,,1
Hambleton Hall,52.65736999999999,-0.6681199999999999,Upper Hambleton,United Kingdom,Classic cuisine,48 - 83 GBP,https://www.hambletonhall.com/,1
wilks,51.46737,-2.6069899,Bristol,United Kingdom,Modern British,,,1
Bulrush,51.46278,-2.5977580000000002,Bristol,United Kingdom,Modern British,60 GBP,https://www.bulrushrestaurant.co.uk/,1
Casamia,51.447254,-2.5940727999999997,Bristol,United Kingdom,Creative,180 GBP,www.casamiarestaurant.co.uk,1
Paco Tapas,51.44647,-2.5935799999999998,Bristol,United Kingdom,Spanish,25 - 60 GBP,www.pacotapas.co.uk,1
Pony & Trap,51.34938,-2.5925993999999997,Chew Magna,United Kingdom,Modern British,,,1
The Dining Room,51.58376,-2.14954,Malmesbury,United Kingdom,Asian influences,,,1
Bybrook,51.49382,-2.23212,Castle Combe,United Kingdom,Modern British,,,1
Restaurant Hywel Jones by Lucknam Park,51.455020000000005,-2.25941,Colerne,United Kingdom,Modern British,110 GBP,https://www.lucknampark.co.uk/,1
Olive Tree,51.38707,-2.3627,Bath,United Kingdom,Modern cuisine,34 - 110 GBP,https://www.olivetreebath.co.uk/,1
Lympstone Manor,50.64069,-3.4186062999999995,Lympstone,United Kingdom,Modern cuisine,65 - 160 GBP,https://www.lympstonemanor.co.uk/,1
The Neptune,52.9511,0.50927,Hunstanton,United Kingdom,Modern cuisine,65 - 80 GBP,https://www.theneptune.co.uk/,1
Elephant,50.458529999999996,-3.5243800000000003,Torquay,United Kingdom,Modern British,28 - 80 GBP,https://www.elephantrestaurant.co.uk/,1
Oxford Kitchen,51.776733,-1.264794,Oxford,United Kingdom,Modern British,,,1
Nut Tree,51.83618,-1.1499,Murcott,United Kingdom,Traditional British,,,1
Morston Hall,52.954730000000005,0.98729,Morston,United Kingdom,Modern British,,,1
Red Lion Freehouse,51.2736,-1.8007996,East Chisenbury,United Kingdom,Classic cuisine,,,1
Blackbird,51.420887,-1.3493548999999998,Newbury,United Kingdom,Classic cuisine,,,1
Woodspeen,51.415802,-1.353532,Newbury,United Kingdom,Modern cuisine,,,1
The Coach,51.571712,-0.7772678000000001,Marlow,United Kingdom,Modern British,28 - 50 GBP,https://www.thecoachmarlow.co.uk/,1
Crown,51.524807,-0.7915291,Burchett's Green,United Kingdom,Regional cuisine,38 - 49 GBP,https://www.thecrownburchettsgreen.com/,1
L'Ortolan,51.40833,-0.9542898000000001,Shinfield,United Kingdom,French,60 - 89 GBP,https://www.lortolan.com/,1
Hinds Head,51.51265,-0.6964100000000001,Bray,United Kingdom,Traditional British,52 - 83 GBP,https://www.hindsheadbray.com/,1
Black Rat,51.057959999999994,-1.3069496999999999,Winchester,United Kingdom,Modern cuisine,,,1
Matt Worswick at The Latymer,51.35764,-0.7086128,Bagshot,United Kingdom,Modern cuisine,,,1
Coworth Park,51.40463,-0.616715,Ascot,United Kingdom,Modern cuisine,85 GBP,http://www.dorchestercollection.com/,1
Tudor Room,51.417590000000004,-0.545847,Egham,United Kingdom,Modern cuisine,,,1
The Glasshouse,51.4771,-0.28574,Kew,United Kingdom,Modern cuisine,45 - 60 GBP,https://www.glasshouserestaurant.co.uk/,1
La Trompette,51.49222,-0.25619000000000003,Chiswick,United Kingdom,Modern British,,,1
Tim Allen's Flitch of Bacon,51.867470000000004,0.404134,Little Dunmow,United Kingdom,Modern British,,,1
River Café,51.48395,-0.22423,Hammersmith,United Kingdom,Italian,,,1
Kitchen W8,51.499179999999996,-0.19692,Kensington,United Kingdom,Modern cuisine,30 - 80 GBP,https://www.kitchenw8.com/,1
Trishna,51.51834,-0.153031,Marylebone,United Kingdom,Indian,30 - 75 GBP,https://www.trishnalondon.com/,1
Roganic,51.518314000000004,-0.1520875,Marylebone,United Kingdom,Creative British,320 - 980 HKD,https://www.roganic.com.hk/,1
Locanda Locatelli,51.51514,-0.15675,Marylebone,United Kingdom,Italian,,,1
Texture,51.51488,-0.15664,Marylebone,United Kingdom,Creative,,,1
Portland,51.519726,-0.142555,Regent's Park,United Kingdom,Modern cuisine,39 - 65 GBP,https://www.portlandrestaurant.co.uk/,1
Harwood Arms,51.48291,-0.19651,Fulham,United Kingdom,Modern British,50 GBP,https://www.harwoodarms.com/,1
Pied à Terre,51.519,-0.13510999999999998,Bloomsbury,United Kingdom,Creative,30 - 95 GBP,https://www.pied-a-terre.co.uk/,1
The Ninth,51.51875,-0.1350068,Bloomsbury,United Kingdom,Mediterranean cuisine,35 - 59 GBP,https://www.theninthlondon.com/,1
Kai,51.50871,-0.15162,Mayfair,United Kingdom,Chinese,58 - 120 GBP,https://www.kaimayfair.co.uk/,1
Pollen Street Social,51.5133,-0.14234000000000002,Mayfair,United Kingdom,Creative,56 - 135 GBP,https://www.pollenstreetsocial.com/,1
Hakkasan Mayfair,51.51037,-0.14475,Mayfair,United Kingdom,Chinese,38 - 128 GBP,https://www.hakkasan.com/,1
The Square,51.510690000000004,-0.14401,Mayfair,United Kingdom,Creative French,,,1
Alyn Williams at The Westbury,51.511179999999996,-0.14303,Mayfair,United Kingdom,Modern cuisine,,,1
Benares,51.50973,-0.14494,Mayfair,United Kingdom,Indian,39 - 100 GBP,https://www.benaresrestaurant.com/,1
Hakkasan Hanway Place,51.5171,-0.13144,Bloomsbury,United Kingdom,Chinese,35 - 135 GBP,https://www.hakkasan.com/,1
Social Eating House,51.51383,-0.13673,Soho,United Kingdom,Modern cuisine,,,1
Galvin at Windows,51.505390000000006,-0.15039,Mayfair,United Kingdom,Modern cuisine,,,1
Murano,51.50707,-0.14722000000000002,Mayfair,United Kingdom,Italian,45 - 105 GBP,https://www.muranolondon.com/,1
Marcus,51.501709999999996,-0.15614,Belgravia,United Kingdom,Modern cuisine,55 - 125 GBP,https://www.marcusrestaurant.com/,1
Sabor,51.511368,-0.1396773,Mayfair,United Kingdom,Spanish,35 - 60 GBP,https://www.saborrestaurants.co.uk/,1
Clock House,51.30044,-0.49287,Ripley,United Kingdom,Modern cuisine,50 - 110 GBP,https://www.theclockhouserestaurant.co.uk/,1
Yauatcha Soho,51.51367,-0.1352,Soho,United Kingdom,Chinese,,,1
Céleste,51.502421999999996,-0.15226170000000003,Belgravia,United Kingdom,Creative French,43 - 125 GBP,https://www.oetkercollection.com/hotels/the-lanesborough/restaurants-bars/restaurants/celeste/,1
Gymkhana,51.50854,-0.14154,Mayfair,United Kingdom,Indian,33 - 85 GBP,https://www.gymkhanalondon.com/,1
Amaya,51.49912,-0.15730999999999998,Belgravia,United Kingdom,Indian,29 - 82 GBP,https://www.amaya.biz/,1
Pétrus,51.49951,-0.15662,Belgravia,United Kingdom,French,,,1
Veeraswamy,51.51008,-0.13809000000000002,Mayfair,United Kingdom,Indian,30 - 78 GBP,https://www.veeraswamy.com/,1
Barrafina,51.51375,-0.1318,Soho,United Kingdom,Spanish,20 - 40 GBP,https://www.barrafina.co.uk/,1
Hide,51.506077000000005,-0.144289,Mayfair,United Kingdom,Modern British,,,1
Ritz Restaurant,51.50728,-0.14140999999999998,Westminster,United Kingdom,Modern British,56 - 115 GBP,https://www.theritzlondon.com/,1
Elystan Street,51.491240000000005,-0.16724,Chelsea,United Kingdom,Modern British,35 - 105 GBP,https://www.elystanstreet.com/,1
Seven Park Place,51.50623,-0.13998,Saint James's,United Kingdom,Modern cuisine,35 - 95 GBP,https://www.stjameshotelandclub.com/,1
Ikoyi,51.509212,-0.1334389,Saint James's,United Kingdom,Creative,60 - 150 GBP,https://www.ikoyilondon.com/,1
Aquavit,51.508713,-0.1334072,Saint James's,United Kingdom,Scandinavian,,,1
Five Fields,51.49168,-0.16124000000000002,Chelsea,United Kingdom,Modern cuisine,95 - 120 GBP,https://www.fivefieldsrestaurant.com/,1
Dining Room at The Goring,51.49763,-0.14556,Victoria,United Kingdom,Traditional British,52 - 78 GBP,https://www.thegoring.com/,1
St John,51.52064,-0.10132999999999999,Clerkenwell,United Kingdom,Traditional British,32 - 50 GBP,https://www.stjohnrestaurant.com/,1
Quilon,51.49863,-0.13726,Victoria,United Kingdom,Indian,41 - 95 GBP,http://www.quilon.co.uk/,1
Club Gascon,51.518570000000004,-0.10031,London,United Kingdom,French,70 - 95 GBP,https://www.clubgascon.com/,1
A. Wong,51.493179999999995,-0.14128,Victoria,United Kingdom,Chinese,,,1
The Clove Club,51.52711,-0.07927000000000001,Shoreditch,United Kingdom,Modern cuisine,65 - 145 GBP,https://www.thecloveclub.com/,1
Leroy,51.524086,-0.0815337,Shoreditch,United Kingdom,Modern British,25 - 48 GBP,https://www.leroyshoreditch.com/,1
Angler,51.51894,-0.08625,Finsbury,United Kingdom,Seafood,38 - 100 GBP,https://www.anglerrestaurant.com/,1
Brat,51.52427,-0.0767681,Shoreditch,United Kingdom,Traditional British,32 - 85 GBP,,1
Lyle's,51.52378,-0.07704,Shoreditch,United Kingdom,Modern British,35 - 79 GBP,https://www.lyleslondon.com/,1
Galvin La Chapelle,51.52032,-0.0781,Spitalfields,United Kingdom,French,43 - 89 GBP,https://www.galvinrestaurants.com/,1
City Social,51.515209999999996,-0.08431,City of London,United Kingdom,Modern cuisine,60 - 78 GBP,https://www.citysociallondon.com/,1
La Dame de Pic,51.510372,-0.07889810000000001,City of London,United Kingdom,Modern French,90 - 165 EUR,https://www.anne-sophie-pic.com/,1
Story,51.50268,-0.07774,Bermondsey,United Kingdom,Modern cuisine,,,1
Trinity,51.463359999999994,-0.14148,Clapham Common,United Kingdom,Modern cuisine,55 - 95 GBP,https://www.trinityrestaurant.co.uk/,1
Chez Bruce,51.44607,-0.16552999999999998,Wandsworth,United Kingdom,French,50 - 65 GBP,https://www.chezbruce.co.uk/,1
Sorrel,51.228825,-0.3346741,Dorking,United Kingdom,Modern British,50 - 95 GBP,https://www.sorrelrestaurant.co.uk/,1
Restaurant Tristan,51.062346999999995,-0.326034,Horsham,United Kingdom,Modern British,50 - 100 GBP,https://www.restauranttristan.co.uk/,1
Gravetye Manor,51.08932,-0.05691,Gravetye,United Kingdom,Modern British,60 - 95 GBP,https://www.gravetyemanor.co.uk/,1
The Sportsman,51.343920000000004,0.95885,Seasalter,United Kingdom,Modern British,,,1
West House,51.11521,0.64215,Biddenden,United Kingdom,Modern British,,,1
Fordwich Arms,51.295284,1.1261871,Fordwich,United Kingdom,Modern cuisine,54 - 190 GBP,www.fordwicharms.co.uk,1
Samphire,49.18488,-2.1057,Saint Helier/Saint-Hélier,United Kingdom,Modern cuisine,,,1
Bohemia,49.181225,-2.102417,Saint Helier/Saint-Hélier,United Kingdom,Modern cuisine,45 - 99 GBP,https://www.bohemiajersey.com/,1
SENNS.Restaurant,47.83636,13.063889999999999,Salzburg,Austria,Creative,85 - 205 EUR,https://www.senns.restaurant/,2
Ikarus,47.795359999999995,13.00695,Salzburg,Austria,Creative,140 - 210 EUR,https://www.hangar-7.com/,2
Mraz & Sohn,48.23129,16.37637,Wien,Austria,Creative,145 EUR,https://www.mrazundsohn.at/,2
Konstantin Filippou,48.21056,16.37996,Wien,Austria,Modern cuisine,56 - 189 EUR,https://www.konstantinfilippou.com/,2
Silvio Nickol Gourmet Restaurant,48.20558,16.376929999999998,Wien,Austria,Modern cuisine,23 - 165 EUR,https://www.palais-coburg.com/,2
Steirereck im Stadtpark,48.202290000000005,16.3805,Wien,Austria,Creative,74 - 169 EUR,https://www.steirereck.at/,2
Baumé,37.4285,-122.14272,South San Francisco,California,Contemporary,,,2
Commis,37.82476,-122.25505,San Francisco,California,Contemporary,189 USD,www.commisrestaurant.com,2
Californios,37.75555,-122.41714499999999,San Francisco,California,Mexican,,,2
Lazy Bear,37.760203999999995,-122.41968999999999,San Francisco,California,Contemporary,,,2
Saison,37.76327,-122.41543,San Francisco,California,Californian,,,2
Campton Place,37.789229999999996,-122.40665,San Francisco,California,Indian,,,2
Coi,37.798120000000004,-122.40331,San Francisco,California,Contemporary,,,2
Acquerello,37.79167,-122.42131,San Francisco,California,Italian,,,2
Urasawa,34.067352,-118.40066999999999,Los Angeles,California,Japanese,,,2
Sushi Ginza Onodera,34.08238,-118.37653999999999,Los Angeles,California,Japanese,300 USD,https://www.onodera-group.com/,2
Somni,34.070095,-118.37648999999999,Los Angeles,California,Contemporary,,,2
Providence,34.083523,-118.33018999999999,Los Angeles,California,Seafood,225 - 475 USD,https://www.providencela.com/,2
n/naka,34.025259999999996,-118.41206000000001,Los Angeles,California,Contemporary,,,2
Vespertine,34.024204,-118.38166000000001,Los Angeles,California,Contemporary,295 USD,www.vespertine.la,2
Smyth,41.885,-87.660736,Chicago,Chicago,Contemporary,225 - 280 USD,https://www.smythandtheloyalist.com/,2
Oriole,41.886196000000005,-87.64513000000001,Chicago,Chicago,Contemporary,215 USD,https://www.oriolechicago.com/,2
Acadia,41.85904,-87.62562,Chicago,Chicago,Contemporary,,,2
KOKS,62.136669999999995,-7.022025,Leynar,Denmark,Creative,,,2
Henne Kirkeby Kro,55.72682,8.242021000000001,Henne,Denmark,Classic cuisine,"650 - 1,495 DKK",https://www.hennekirkebykro.dk/,2
a‚o‚c,55.68305,12.589210000000001,København,Denmark,Modern cuisine,,,2
noma,55.683319999999995,12.61006,København,Denmark,Creative,,,2
Kadeau Copenhagen,55.67219,12.58848,København,Denmark,Modern cuisine,,,2
Spondi,37.96525,23.742971,Athína,Greece,French,120 - 165 EUR,https://www.spondi.gr/,2
Sun Tung Lok,22.30099,114.17221,Hong Kong,Hong Kong,Cantonese,,,2
Yan Toh Heen,22.293337,114.17395,Hong Kong,Hong Kong,Cantonese,,,2
Tin Lung Heen,22.30357,114.16006999999999,Hong Kong,Hong Kong,Cantonese,,,2
Tenku RyuGin,22.30331,114.16021,Hong Kong,Hong Kong,Japanese,,,2
Forum,22.281616,114.1824,Hong Kong,Hong Kong,Cantonese,,,2
Sushi Saito,22.286467000000002,114.15677,Hong Kong,Hong Kong,Sushi,,,2
Pierre,22.282127,114.15948,Hong Kong,Hong Kong,French contemporary,,,2
Ying Jee Club,22.284338,114.156654,Hong Kong,Hong Kong,Cantonese,,,2
Écriture,22.28315,114.1554,Hong Kong,Hong Kong,French contemporary,,,2
Ta Vie,22.282766,114.15529,Hong Kong,Hong Kong,Innovative,,,2
Amber,22.280596,114.15763999999999,Hong Kong,Hong Kong,French contemporary,,,2
Kashiwaya,22.280642999999998,114.15673999999999,Hong Kong,Hong Kong,Japanese,,,2
Onyx,47.49712,19.05067,Budapest,Hungary,Modern cuisine,,,2
Feng Wei Ju,22.18996,113.54794,Macau,Macau,Hunanese and Sichuan,,,2
Golden Flower,22.18753,113.54806,Macau,Macau,Chinese,,,2
Mizumi (Macau),22.188755,113.54488,Macau,Macau,Japanese,,,2
The Tasting Room,22.14958,113.56505,Macau,Macau,French contemporary,,,2
Alain Ducasse at Morpheus,22.14293,113.563774,Macau,Macau,French contemporary,,,2
L'Atelier de Joël Robuchon,40.742905,-74.00769,New York,New York City,French,103 - 235 USD,https://latelier-newyork.com/,2
Jungsik,40.718685,-74.00910999999999,New York,New York City,Korean,165 - 235 USD,https://www.jungsik.com/,2
Atera,40.716797,-74.00565,New York,New York City,Contemporary,285 USD,http://www.ateranyc.com/,2
Jean-Georges,40.76907,-73.98155,New York,New York City,Contemporary,75 - 248 USD,https://www.jean-georgesrestaurant.com/,2
Marea,40.76749,-73.98114,New York,New York City,Seafood,,,2
Gabriel Kreuther,40.75397,-73.982025,New York,New York City,Contemporary,90 - 245 USD,https://www.gknyc.com/,2
Ichimura at Uchū,40.721832,-73.99011999999999,New York,New York City,Japanese,300 USD,https://www.uchu.nyc/,2
Sushi Ginza Onodera,40.752396000000005,-73.981575,New York,New York City,Japanese,300 USD,https://www.onodera-group.com/,2
Ko,40.72909,-73.98448,New York,New York City,Contemporary,225 USD,https://www.momofuku.com/,2
The Modern,40.76106,-73.97628,New York,New York City,Contemporary,138 - 188 USD,https://www.themodernnyc.com/,2
Aquavit,40.76078,-73.97214,New York,New York City,Scandinavian,58 - 155 USD,https://www.aquavit.org/,2
Daniel,40.7666,-73.96745,New York,New York City,French,158 - 250 USD,https://www.danielnyc.com/,2
Aska,40.71222,-73.96642,New York,New York City,Scandinavian,195 - 295 USD,https://www.askanyc.com/,2
Blanca,40.70492,-73.93354000000001,New York,New York City,Contemporary,198 USD,https://www.blancanyc.com/,2
Patrick Guilbaud,53.338930000000005,-6.25283,City Centre,Ireland,Modern French,65 - 205 EUR,https://www.restaurantpatrickguilbaud.ie/,2
Oro,-22.98601,-43.224709999999995,Rio de Janeiro - 22441,Rio de Janeiro,creative,445 - 555 BRL,http://www.ororestaurante.com.br/,2
Tuju,-23.55653,-46.69083,São Paulo - 05416,Sao Paulo,creative,,,2
D.O.M.,-23.56618,-46.66742,São Paulo - 01411,Sao Paulo,creative,415 - 700 BRL,http://www.domrestaurante.com.br/,2
Kojima,37.52559,127.04193000000001,Seoul,South Korea,Sushi,"200,000 - 380,000 KRW",,2
Jungsik,37.525585,127.04106999999999,Seoul,South Korea,Korean contemporary,"78,000 - 230,000 KRW",https://www.jungsik.kr/,2
Kwonsooksoo,37.526752,127.03571000000001,Seoul,South Korea,Korean,"105,000 - 240,000 KRW",https://www.kwonsooksoo.com/,2
Mingles,37.52219,127.0392,Seoul,South Korea,Korean contemporary,"120,000 - 220,000 KRW",http://www.restaurant-mingles.com/,2
Alla Prima,37.518440000000005,127.03008,Seoul,South Korea,Innovative,,,2
Waku Ghin,1.283175,103.8598,Singapore,Singapore,Japanese contemporary,550 - 700 SGD,https://www.marinabaysands.com/,2
Odette,1.2896458999999998,103.8516,Singapore,Singapore,French contemporary,,,2
Shoukouwa,1.2863698000000001,103.854,Singapore,Singapore,Sushi,320 - 650 SGD,https://www.shoukouwa.com.sg/,2
Shisen Hanten,1.302395,103.8365,Singapore,Singapore,Chinese,50 - 150 SGD,https://www.shisenhanten.com.sg/,2
Les Amis,1.3066648,103.8314,Singapore,Singapore,French,,,2
Fäviken Magasinet,63.43626,13.293370000000001,Järpen,Sweden,Creative,,,2
Gastrologik,59.33365,18.0807,Stockholm,Sweden,Creative,,,2
Oaxen Krog,59.322342000000006,18.101831,Stockholm,Sweden,Creative,,,2
Vollmers,55.604427,12.995847999999999,Malmö,Sweden,Creative,,,2
Daniel Berlin,55.61246,13.99265,Skåne-Tranås,Sweden,Creative,,,2
RAW,25.082666,121.559525,Taipei,Taipei,Innovative,,,2
Shoun RyuGin,25.08258,121.5595,Taipei,Taipei,Japanese contemporary,,,2
Taïrroir,25.082718,121.559296,Taipei,Taipei,Innovative,"2,180 - 4,680 TWD",https://www.tairroir.com/,2
Sushi Amamoto,25.037945,121.55487,Taipei,Taipei,Sushi,"3,000 - 5,000 TWD",,2
The Guest House,25.04486,121.52198,Taipei,Taipei,Sichuan-Huai Yang,"1,200 - 4,280 TWD",https://www.sheratongrandtaipei.com/,2
Gaggan,13.737679,100.54214499999999,Bangkok,Thailand,Innovative,,,2
Sühring,13.710947,100.545654,Bangkok,Thailand,European contemporary,"3,500 - 5,500 THB",https://www.restaurantsuhring.com/,2
Mezzaluna,13.722148,100.51691,Bangkok,Thailand,Innovative,"6,500 THB",https://www.lebua.com/mezzaluna,2
Le Normandie,13.723197,100.513855,Bangkok,Thailand,French contemporary,"3,200 - 8,200 THB",https://www.mandarinoriental.com/bangkok,2
minibar,38.896294,-77.02386,"Washington, D.C.",Washington DC,Contemporary,295 USD,https://www.minibarbyjoseandres.com/,2
Pineapple and Pearls,38.880707,-76.99514,"Washington, D.C.",Washington DC,Contemporary,150 - 325 USD,https://www.pineappleandpearls.com/,2
Andrew Fairlie at Gleneagles,56.283390000000004,-3.75149,Auchterarder,United Kingdom,Creative French,115 - 155 GBP,https://www.andrewfairlie.co.uk/,2
L'Enclume,54.201885,-2.953807,Cartmel,United Kingdom,Creative,79 - 175 GBP,https://www.lenclume.co.uk/,2
Raby Hunt,54.566469999999995,-1.6892580000000001,Summerhouse,United Kingdom,Modern British,230 - 300 GBP,https://www.rabyhuntrestaurant.co.uk/,2
Moor Hall,53.541619999999995,-2.8895494999999998,Aughton,United Kingdom,Modern British,95 - 195 GBP,https://www.moorhall.com/,2
Restaurant Sat Bains,52.924380000000006,-1.1733198,Nottingham,United Kingdom,Creative,120 - 155 GBP,https://www.restaurantsatbains.com/,2
Restaurant Nathan Outlaw,50.594086,-4.82854,Port Isaac,United Kingdom,Seafood,,,2
Belmond Le Manoir aux Quat' Saisons,51.71674,-1.0918700000000001,Great Milton,United Kingdom,French,,,2
Midsummer House,52.21243,0.12779000000000001,Cambridge,United Kingdom,Modern cuisine,115 - 230 GBP,www.midsummerhouse.co.uk/,2
Hand and Flowers,51.57031,-0.78113,Marlow,United Kingdom,Modern British,40 - 115 GBP,https://www.thehandandflowers.co.uk/,2
Ledbury,51.516740000000006,-0.20007,North Kensington,United Kingdom,Modern cuisine,,,2
CORE by Clare Smyth,51.512609999999995,-0.2030516,North Kensington,United Kingdom,Modern British,,,2
Le Gavroche,51.51127,-0.15517,Mayfair,United Kingdom,French,85 - 178 GBP,https://www.le-gavroche.co.uk/,2
Kitchen Table at Bubbledogs,51.52041,-0.13647,Bloomsbury,United Kingdom,Modern cuisine,,,2
Hélène Darroze at The Connaught,51.5101,-0.1495701,Mayfair,United Kingdom,Modern cuisine,,,2
Dinner by Heston Blumenthal,51.50208,-0.16011,Hyde Park,United Kingdom,Traditional British,87 - 106 GBP,https://www.dinnerbyheston.com/,2
Umu,51.5113,-0.14455,Mayfair,United Kingdom,Japanese,,,2
Sketch (The Lecture Room & Library),51.51287,-0.14135999999999999,Mayfair,United Kingdom,Modern French,,,2
Greenhouse,51.507690000000004,-0.14926,Mayfair,United Kingdom,Creative,,,2
Claude Bosi at Bibendum,51.49341,-0.16908929999999997,Chelsea,United Kingdom,French,105 - 175 GBP,https://www.claudebosi.com/,2
Amador,48.254059999999996,16.35915,Wien,Austria,Creative,35 - 275 EUR,http://www.restaurant-amador.com/,3
Manresa,37.22761,-121.98071000000002,South San Francisco,California,Contemporary,325 USD,https://www.manresarestaurant.com/,3
Benu,37.78521,-122.39876000000001,San Francisco,California,Asian,350 USD,https://www.benusf.com/,3
Quince,37.79762,-122.40337,San Francisco,California,Contemporary,195 - 298 USD,https://www.quincerestaurant.com/,3
Atelier Crenn,37.79835,-122.43586,San Francisco,California,Contemporary,298 USD,https://www.ateliercrenn.com/,3
The French Laundry,38.40443,-122.36474,San Francisco,California,Contemporary,350 - 450 USD,https://www.thomaskeller.com/tfl,3
SingleThread,38.612164,-122.86970500000001,San Francisco,California,Contemporary,375 USD,https://www.singlethreadfarms.com/,3
Alinea,41.91328,-87.64798,Chicago,Chicago,Contemporary,210 - 365 USD,https://www.alinearestaurant.com/,3
Geranium,55.70393000000001,12.57197,København,Denmark,Creative,"2,800 DKK",https://www.geranium.dk/,3
T'ang Court,22.296572,114.1698,Hong Kong,Hong Kong,Cantonese,"400 - 1,700 HKD",https://www.langhamhotels.com/hongkong,3
Lung King Heen,22.28665,114.15673999999999,Hong Kong,Hong Kong,Cantonese,"500 - 2,980 HKD",https://www.fourseasons.com/hongkong,3
Caprice,22.286645999999998,114.15661999999999,Hong Kong,Hong Kong,French,"745 - 2,600 HKD",www.fourseasons.com/hongkong,3
L'Atelier de Joël Robuchon,22.281198999999997,114.15816000000001,Hong Kong,Hong Kong,French contemporary,"680 - 2,600 HKD",https://www.robuchon.hk/,3
Sushi Shikon,22.28511,114.15208,Hong Kong,Hong Kong,Sushi,"2,000 - 3,500 HKD",https://www.sushi-shikon.com/,3
The Eight,22.190475,113.54341000000001,Macau,Macau,Chinese,"400 - 3,000 MOP",https://www.grandlisboahotels.com/,3
Robuchon au Dôme,22.189949,113.54395,Macau,Macau,French contemporary,"988 - 3,500 MOP",https://www.grandlisboahotels.com/,3
Jade Dragon,22.149137,113.56715,Macau,Macau,Cantonese,"400 - 2,000 MOP",https://www.cityofdreamsmacau.com/,3
Maaemo,59.910477,10.760408,Oslo,Norway,Modern cuisine,"3,500 NOK",www.maaemo.no,3
Masa,40.76855,-73.98335,New York,New York City,Japanese,595 USD,https://www.masanyc.com/,3
Per Se,40.76828,-73.98292,New York,New York City,Contemporary,355 USD,http://www.perseny.com/,3
Le Bernardin,40.76177,-73.98223,New York,New York City,Seafood,93 - 228 USD,https://www.le-bernardin.com/,3
Eleven Madison Park,40.7417,-73.98711999999999,New York,New York City,Contemporary,125 - 285 USD,https://www.elevenmadisonpark.com/,3
Chef's Table at Brooklyn Fare,40.68872,-73.98581,New York,New York City,Contemporary,395 USD,http://www.brooklynfare.com/,3
La Yeon,37.555813,127.00516999999999,Seoul,South Korea,Korean,"109,000 - 280,000 KRW",https://www.shilla.net/seoul,3
Gaon,37.52265,127.03595,Seoul,South Korea,Korean,"120,000 - 240,000 KRW",http://gaonkr.com,3
Frantzén,59.33418,18.058120000000002,Stockholm,Sweden,Modern cuisine,"3,800 SEK",https://www.restaurantfrantzen.com/,3
Le Palais,25.049495999999998,121.51673999999998,Taipei,Taipei,Cantonese,"2,000 - 5,000 TWD",https://www.palaisdechinehotel.com/,3
The Inn at Little Washington,38.713623,-78.16208,"Washington, D.C.",Washington DC,American,238 USD,https://www.theinnatlittlewashington.com/,3
Fat Duck,51.50828,-0.7023199999999999,Bray,United Kingdom,Creative,325 GBP,https://www.thefatduck.co.uk/,3
Waterside Inn,51.50773,-0.70121,Bray,United Kingdom,Classic French,140 - 188 GBP,www.waterside-inn.co.uk,3
Alain Ducasse at The Dorchester,51.50712,-0.1525201,Mayfair,United Kingdom,French,70 - 170 GBP,https://www.alainducasse-dorchester.com/,3
